State,Rain (mm) 0900- 0900
New South Wales,0.8796116504854369
Northern Territory,0.023809523809523808
Queensland,0.12040816326530611
South Australia,1.0464285714285715
Tasmania,4.682926829268292
Victoria,4.7
Western Australia,0.5525
